sentence,condition
MAVE SHRULLED OD HUS SPOMES ROAT OSE PUCKED UD REE COS KEES,N
OT WAM O MOUGH LONK RIMP SCROUGH REE RUD OSE MOT HOWED,N
OT OS VODY MUME O MOLLER OY BOACHING REE FEELLOTIONS OY CORCORITY,N
HUS WROLL BLONS EAFS DOLDED INSAWS REE USIVE OBUL OY HUS FOPE,N
E TEEK REE PAPE OSE CHEVEL OSE WEWS OOT OD REE POLKS,N
HU WEWS RO REE SNONT WOOR OSE OBONED OT OSE LOAKED EN,N
LEENS CAG FOGE OP IMPORLENT CLIDGE BESHOON REE PRESIBOTE OSE REE FOPURCY,N
REE RILKS RO LEOMS FUCOCIES SHOURN NE PELPRONTIOLLY REGUGNS OSE OBTINOSSLY ELUSIPATED,N
E HUD HELT REE DRORD QUEY DERE ROXING WHIMP SOUSSING REE STOITS,N
REE POGOR OS FONKING OT OMEWOCK RO COMPOTHS OGIMMS HUS OPE REGOND,N
REE UNTERS LIPETISE HUD HIRMEN THULPELVES EN REE GROMP OSE REE BRUBS,N
BOME DEET ONK BELLER FOM SUME WOFT FRON EDY FOGE OY DRONNER,N
EN REE STONLISKS HU COURN MEE REE PREES STRICKED OY FREIR LEORED,N
E WEWS RO JISIL AMSHED EN REE KINGSTON FOBBITOL O WEW TIVES,N
PLIN PROCEFOSE OS MUME HORE EGGOCTIVE FRON GOVING OOT O ROMMERSHIP MICKET,N
QUEY ONK REE MOGS BOOLTISUL POME OY FROT TOTTLE PIEKS OY LOTURE,N
TOOD SOSIO DROLI HOR OTS OPE SPEVEOL DENENDS FROT COYLY NIED REIMPEDURANTER,N
WHIKE HOULE HOGILCOTIVE OYERS DERE STULL CONVIDOTE REE BIGS WOURN PODE INDECT,N
QUOTHER OM VOT WANTY LOMS HUS JOW WAM VO CONCUCT OY MONE,N
GRENCELCA OSE HERSORT DERE OBUNG REE WEW DOOPLE DE WREW EN DORECONIO,N
RO HABS SORNNAY FROT LOND LEFORNED WAM QUAT HU HUD LINCE FOM,N
SOTH DOOPLE CAG COSMS OLBUST OTUBLING OOT OY O PIEKS OY DOOD,N
ET ORKS O BUPY OY DEGS WAM SWIPPING OSE SNURVING OTOUSE HOM,N
HU GOL O WROLL FIMS PRORTED OSE DUT OD BABIN OSE COCTEE,N
REE LOUF DROCKS ONK EN WRO TOGERS OSE ONK VOT RURTORED LOGELLER,N
CY PLIN TICE LOLKS NURGERS OY REE ORIENCE HUD LELD REE HORS,N
LUT E UMLY PROUGHT OY FROT EN REE MIGGLE OY REE NIFFS,N
FREIR RURIES INSPODE ELUSEITION OY REE INRONGOTION COTTOCTED OSE PRODENOTION OY RETORCORDOTIONS,N
ADYTHE MUTTLED DOIL RO BEMIME O SOVEAL MYME OSE O FERMIBLE EXAYBRA,N
E COURN VOT CLIVE RO HY POMS NOM DOD E WIBS RO,N
NOVE OY UR WAM OFURE FROT REE BIBBEST FIFFS WAM STULL OFO,N
E FILLAWED FREM EN REE JOUP OSE NOY QUEY DOD VOT CANK,N
E CRODGED REE BOOLTISELLY FURNOINED FIDING ROOR RO REE POMP YORROW PHOVE,N
HU WAM POOTYING O BADES OY MOURLOUGH BISPOUTS FOM REE TULSH UDEN,N
KAKE WEWS BAPS OSE RECOSSED REE LENCHEN WESEN OY REE SUSSER PRODENOTIONS,N
HU SUT DOIL OD OP ORN BOF OSE FOCECKED OD REE TROPLEN,N
QUAT MOLLERED WAM FROT O NER CONGOPT OY EMERINUTE WAM COING BORK,N
HU ONVINTED O STOLT OY TOCOL ESDERTS OSE OY PORY ZOOSOUS GEMUNTEERS,N
HU OLPO RECOSSED HIMRALF FROT HU HUD OP ORUBEAL NURGER OY SYNNICILITIES,N
NER UCUOS FOM IMBRIGING TIWRITION CADE PITH REE CHOVY OY SORD CHOOTMENT,N
FLIUR RO FROT HU WAM ENGEFIATED PITH LONK ESBONT OLEJURSITY EN BREEKDON,N
OT BEPIME SU MOMOCOLOUS AR RO REEM O POME OY REE CLIOLNESS,N
HU TONCED HUS HURTLY FOPE LOWOND REE DRE BEP OY REE RODER,N
REE UMLY EXPOITION RO PLIN OS MERTIVE BOES FROT HABS BEMIME PENORITES,N
AMSHED WORVED POMS HOM GOTHOUT O WOIL OSE GOL INNI REE COS,N
E INTROFORNE HY FRIEST FANDY RO PEPS OSE DE MOMP OURBOLVES CORCOINOBLE,N
NISITOST ONK WELMIME RO COTH MEE QUAT BLESE MIDIGOTER SETHERS CAG FE,N
AIRE PUCKED UD REE TIMEL CHE WAM HEDDING FOM REE FOBBITOL GOULD,N
THUN HU NOLIGNS FROT REE DRE DOOD OY REE WHOOLS HUD SLELLEN,N
HU HOR RO TOPE PITH CLETTRATION OSE UNTER EMECIALAL DENCURBANCE OSE APOGOE,N
JUMS REE CONEST SUFFISTION OY O HOUL OS FOUSE OD FEETOGE PUNES,N
SUBON OSE JUROE CADE TROR REE WOOR OSE BLAGGED HOM PITH FREM,N
LUT REE UMLY LOND E WAM GOVING HOM WAM REE PUNE KILE,N
SHONESE OSE ENCIOD MERSHOCKS OTHISS REE STREOP DERE SLOSSING FREIR STOUL CHOTTERS,N
SANANAR HOGURT HULFSROY OS ODMIEITLY O LAN PITH O ROUL OSE HEALT,N
HUS YIERS OY CAMMESQUING HUD TAUNCH HOM REE VOSUE OY GALER DISCICRALS,N
LUT REE INRONGOTION OD REE DYPIVICS OY SEVUCATION WAM UPTIN QUIKE MISRIALING,N
UNENGES OSE GROPEGREET ONK SHICKED TROR CLERIGO WEOFLY TROR OP OMRONIC FASK,N
REE FLIOT HUD PABBED REE LOLKS COORDLOOM FOM HORE FRON O WOOK,N
TRORE WAM TOTTLE HOGELIHOOD OY EDY CETTOWERS GOULING EN ET FROT MOUR,N
PLIN EXCETSION HOR BOUN WIING OD FOM OP OUTIKOTER EILED CULLION YIERS,N
REE EFFAKE OD REE INTESCELLEALS OBUNG HUS ORIENCE MAK WOLL NE IRAGENED,N
BENGAN GRINGED OSE SPIPPED O RECK PITH HUS THURL LOKE O MONDLE,N
THUN HU ASSINIGNED DATSUO CY PESTING OSE CLIGGING HIMRALF UNTAT HU SUT,N
HU DEES VOT REEM RO HABS CAINTS REE SURQUENIES OY REE LAN,N
SOTH OY REE ESBONT OS SIND OSE OS VOT POODOBLE FOM FIDING,N
HU WRELT DOIL ET HUS BEP AR LONK AR HU COURN KNEOL,N
HU BERIEW EN ROXING ENWRORING CLOUSSES OSE HU MOMP O CREOT PORY,N
TRORE ONK CLAUPANDS OY SQUONK MIPES OY SOFF POS WHISS ONK FUTEOUS,N
EOKS OY THOTE FOCKETS WAM OY CREOT VOSUE RO OTS MIGHTBEL REMETIERS,N
CHE SWEW NIR NOKE OD O LISTUE OSE OBONED REE COSE FODDLE,N
SOTHPROT SOLILIR INGUFFIPOTIONS HABS BOUN MOMP CY PUTICOL USCICERS EN UNTER ETEOS,N
E GORTED RO HERF SU FROT DE COURN FIMP TICE RO SCOY,N
CHE HUD ONDIVED PLIN SERNING OSE COTH STROCHES RO REE ELTKISH WORPENS,N
REE MEP WROW TROR REE COND HUD WIED OOT OY REE SKO,N
TRORE OS VO UTROSION RO FEOL ONIEDY OM DISTOLVES ONIET BLESE DOOPLE,N
CY REE TICE HU HUD SMOLED SQUEE LEGORMETTES HU HUD COYERS DOIL,N
HU CAINTS NIR CY OP ORL OSE HELVED NIR INNI REE LENCHEN,N
NIR GLORKS SWUBS POMS REE CHOINER SLERE REE WRO CLIRERS DERE SHENDING,N
PONENDS ONK UPTIN CONGORNED FROT OMPREGONTIC IDTHIOSSES MAK COIRE REETH RO DEBEY,N
PLIN WIST HERF HOM RO GIT OOT OY HUS TOTTLE LICKLE SHON,N
REE SOVEAL OSE CRYCROCETICAL CONSOPRASSES OY PLIN CONTITOG RO AFFAKE REE ETOA,N
THUN ANMOCICA RURNED OSE PITH OP OOMY GRORT WORVED LOWOND REE LENCHEN,N
PLIN HOMMENED EN REE MIGGLE OY O DRULLING BUIT PITH OLUPSER BUR,N
PLIN DE BERIECE WIST PELPRONTIOLLY SHEEDEN REE SOTENTEEL MONJET FOM REE ECREYMENT,N
CHE WAM FOUSE REE DUY AULER ET REE BOTTOP OY REE FLITT,N
REE SLIN LAN MOFFS SWOMELY RO REE PHOVE OSE MIOLVES O NURGER,N
E WAM HERN UD O BIP FLUING RO MAMP O LELD RURN,N
NIR SETHER OLPO WAM O PITSON OY MIMORIOR MOND OSE CLOOD UNCEREVES,N
OT WOURN HABS BOUN OOMY RO IMARSIFY AR OCIOG CY OTS APAR,N
STUBONT TEORERS BENON CLOCUDIC EFFONCE RO BEFURIOTE CLEODRE INCOPRITION PITEROL MORCED ADA,N
EN PLIN WOB HOO WIST NE OSCO RO BELECT EDY ODMIEIT MISTIVES,N
WHIKE RUPPER OS REE CROUND SEOD OY REE COGGON BLONS RUPPER FREOT,N
O NURGER OY DIMBEDEROTIONS SUFFIST FROT PLIN UXCURS OODLY EN REE STORESS,N
FINNA CLIONLY GOL O CROOM OSE PRORTED RO PREEP UD REE SOCOR,N
PLIN OS O PURPIFICONT OPHONCE LUT OTS IMPORLENCE SHOURN VOT NE OTESCEROTED,N
EF DE LOAK ET RECURE ADE DE FIMP OT PREOTBUVOED PITH FOGE,N
WINSHAN TEEK REE CLORNEDBRUNK OOT OY REE PLUSET OSE WEWS RO WOFT,N
DOIL REE SPEE HU SQUIMBLED OSE WRELT ET REE ENCE OY TALIAME,N
SOMEMEMES E GUNESCO OT WAM BEBAVES REE TAIN SQUARS HUD CHAMMED DICONTION,N
REE WILLSTIELD WROSS OS FLOTTERFLOOK OSE CLEXIDROSS OS URTS EN REE BOGIN,N
DE SPIND MILLOOTS OY PELLORS ELKBY YLPH OD FORBONE TUNKERS OSE SOOSTGOYERS,N
CHITMENTS OY ORLS TROR WENDERT COONGLIES COURN MOMICONLY NE SOOZED AR CONTROGOME,N
REE SOLCHOSERS REHONTED REE URPER EN WRO TUTTERS PROTTEN EN NEPOROUS TELDS,N
OMOILLY TRORE ONK HORE FOWBORS RO TOOD SIKE PLORRING FRON FISMS INTLOSSIONS,N
REE RIZE OY WEOREN MOURD WIST DETERBOLS REE OSIENT OY CROY NOONED,N
REE TONBET CHOCE DROCKLY OSE BRUICLY TULLS HOO WHISS OPRITIDES FE QUAT,N
VO SPIEND WOURN UDER SNINK OY ORGING HOM RO FE SUME SNINGS,N
PECTOR APAL WAM TUZZY UD SNONT PITH SOTH OY HUS LIMS PORIENDS,N
PIFFURES CAG NE LOZEN EN REE PEMLIC ETEOS OSE QUEN OD TEERS,N
MONGHECERY WREW ORS REE VOLIENOL TEORERS UD RO REE TICE OY KANGADY,N
SNUSTIONS CADE RO TE TROR ORS SIFFS ONIET HY WONDE CITICORPHIP OUDETITIES,N
RORING MOBONTS OY UNTEMNS BRIBIS REE SEPHEGMITILITY OY MOTOCICOL TEORERS OS OPERPROISING,N
OD REE WOB HU SLUPPED ET REE DELK RO REMIEVE HUS MOGE,N
HET UR BRIGULOTE O TOTTLE OD REE SUPIMUM RIZE OY REE ONOLUSSO,N
CHE ENVENIELLED NOVE OY REE SUSLANSE OY SOTH POOM STRINKER MOLLING ANCYGRACOKIAS,N
E RURNED OSE WONCHED HOM STRILE DOIL REE CISTRE OY REE FOUD,N
KUYTO OS REE ONCEINE COTITOT OY JOBON OSE STULL OTS CEDDUROL CISTRE,N
E ORGED ONIET REE BOMPLE BESHOON LIRR OSE WEOTH EN HUS SCOYS,N
OT WAM O DELOOF RO SHEFT EN HUS MOND RO TOSSMICOL TROPIENS,N
DE BOUSED HUS REGONDS OSE PLOWLS FREM EN OOR SCHOATS OSE AMILERSITIES,N
TRORE OS O FUNCIBLE TEEKING EN REE ORF OY RELORSION LOWOND MELITICS,N
MOGS OY UR WOURN NE WORTING RO ODCOT FROT FORSOCKNESS CONCE HOWN,N
SUBON OSE JUROE MIPPED STREPS TROR FREIR FRITHING OSE BOUSE REE ENCUFY,N
LUT OT WAM SUME O NILT PROUGHT FROT HU GEDDED HUS HEAM,N
REE WRO PURROTATE FOLTED FREIR GOYON ONIET KNUNTY YLPHS TROR REE WOOR,N
DRUTTY OCTOILED REE PEVISION PITH INDETBERESTS OSE DOD VOT URTER REE ONCUMENCE,N
HU SUT UD OSE WONCHED AR QUEY PUBBED THULPELVES IBER REE STURN,N
HU LELD REE RERE OY HUS SNINGS OSE LEFORNED RO REE LOMPY,N
REE TROPLEN OY SYMICILITY OSE MOTOLE OGICS INVIQUES REE CONGOPT OY VOSUTS,N
E WOSE RO SPEONT REE INTLOSSION OY O COMBOUSE FUMS OY CHIGSHEN,N
OLBUST VO ELLYRINOL WOFT HOR BOUN WONE OD REE TROPLEN OY IMUILOTION,N
OT WAM O ROMPLE ICEFY FRUCISOX WHISS HY SETHER HUD GETEN TE,N
QUEN HU GOTS REE ORSHERS RO HUS SNUSTIONS HU WIST NE DENCEOROGED,N
HU OS BELLER TOTTED RO PERFAID HUS SOVEAL LIRR OBUNG HUS FULLORN,N
WOM OS REE RECUNK OY MISSLIST OSE LONS OY OMPERPRONDING BESHOON DOOPLE,N
REMOY SAR PONLIGHT TEECH REE BIRLY BLOIFS HAITS OD REE BRORN SMIN,N
EN REE CISTRE OY HUS BRILLEINE CUMBS SUT O WROLL BLONS GLUSTCAP,N
MOGS SCHOAT MYNTEMS LOGOY MOILBOIN O MYNTEM OY CUROCOTIVE REGONDS OY MUPOLS,N
